timestamp,source,api_type,user,query,result,result_text,sql,result_table,source_links,page_content,k_similarity_docs,temperature,top_p,max_new_tokens,like,dislike,comment
4/17/2024 0:08,GNT01 SOPs and JobAids,query,Suresh.kamakshigari,string," Of course! I'm here to help. As a kind robot, I'm happy to assist you with any questions you may have. Can you please provide more context or clarify what you mean by ""string""? I want to make sure I give you the most accurate and helpful answer possible.",-,-,-,[],3,[],0.1,0.6,512,-,-,-
4/17/2024 0:09,Grant Details,query,Suresh.kamakshigari,top 10 pi names,-,"I'm sorry, but the information provided is a bit unclear. If you're asking about the constant Pi (π), it's known universally by that name and doesn't have different ""names"". However, it can be represented in various ways such as 3.14159 or 22/7, which are approximations.

If you're referencing a database query using SQL's COUNT(*) function (which is generally used to count the number of rows in a table), it's unclear how ""top 10 pi names"" relates to that. 

Could you provide more context or clarify your question? I'd be happy to help further!","SELECT COUNT(*) 
FROM GMGTEST_V_REQ_ORG_GEOCODING_JOINED
WHERE ""DISPOSITION - GRANT STATUS"" = 'Closed' 
AND EXTRACT(YEAR FROM TO_DATE(FINAL_APPROVAL_DATE)) = EXTRACT(YEAR FROM DATEADD(YEAR, -1, CURRENT_DATE()))","   COUNT(*)
0         0",[],3,[],0.1,0.6,512,-,-,-
4/17/2024 0:11,Grant Details,query,Suresh.kamakshigari,Who are the top 10 PIs with the greatest number of approved requests?,-,"The top 10 principal investigators (PIs) with the highest number of approved requests are:

1. The PI with the most approved requests does not have a specified first or last name, but they have a total of 10071 approved requests.
2. Manjunath Krishnappa comes second with 35 approved requests.
3. Jon Hobson is in the third position with 32 approved requests.
4. Scott Killian has the fourth-highest number of approved requests, which is 22.
5. Manjunath Kishnappa is in the fifth position with 20 approved requests.
6. Brandywine Andrews is sixth with 14 approved requests.
7. Vincent Devereux is the seventh PI with 11 approved requests.
8. Kate Barnett is eighth with 10 approved requests.
9. Joel Pugh is ninth with 9 approved requests.
10. Fernando D'Emidio is the tenth PI with 8 approved requests.","SELECT 
    PI_FIRST_NAME, 
    PI_LAST_NAME, 
    COUNT(*) AS Approved_Requests
FROM 
    GMGTEST_V_REQ_ORG_GEOCODING_JOINED
WHERE 
    ""DISPOSITION - GRANT STATUS"" = 'Approved'
GROUP BY 
    PI_FIRST_NAME, 
    PI_LAST_NAME
ORDER BY 
    Approved_Requests DESC
LIMIT 10;","  PI_FIRST_NAME PI_LAST_NAME  APPROVED_REQUESTS
0          None         None              10071
1     manjunath   krishnappa                 35
2           jon       hobson                 32
3         scott      killian                 22
4     manjunath    kishnappa                 20
5    brandywine      andrews                 14
6       vincent     devereux                 11
7          kate      barnett                 10
8          joel         pugh                  9
9      fernando     d'emidio                  8",[],3,[],0.1,0.6,512,-,-,-
4/17/2024 0:15,Grant Details,query,Shravani,Who are the top 10 PIs with the greatest number of approved requests?,-,"The data provided does not specify the names of the Principal Investigators (PIs), so it's impossible to list the top 10 PIs with the greatest number of approved requests. However, based on the counts provided, the greatest number of approved requests for any given PI is 10,071. The second highest is 35, followed by 32, 22, 20, 14, 11, 10, 9, and 8. Without further specifics, I can't provide more detailed information.
 
If you want to find out the top 10 PIs with the greatest number of approved requests, you would ideally need a dataset where each row represents an approved request, and there is a column for the PI who made the request. Then, you could count the number of times each PI appears in the dataset, sort by this count in descending order, and look at the top 10.","SELECT COUNT(*)
FROM GMGTEST_V_REQ_ORG_GEOCODING_JOINED
WHERE ""DISPOSITION - GRANT STATUS"" = 'Approved'
GROUP BY ""PRIMARY INVESTIGATOR (PI) NAME""
ORDER BY COUNT(*) DESC
LIMIT 10;","   COUNT(*)
0     10071
1        35
2        32
3        22
4        20
5        14
6        11
7        10
8         9
9         8",[],3,[],0.1,0.1,400,-,-,-
4/17/2024 0:30,Grant Details,query,Shravani,Who are the top 10 PIs with the greatest number of approved requests?,-,"The top 10 Principal Investigators (PIs) with the highest number of approved requests, based on the data provided, are:

1. An unnamed PI, who has the most approved requests at 10071.
2. Manjunath Krishnappa with 35 approved requests.
3. Jon Hobson with 32 approved requests.
4. Scott Killian with 22 approved requests.
5. Manjunath Kishnappa with 20 approved requests.
6. Brandywine Andrews with 14 approved requests.
7. Vincent Devereux with 11 approved requests.
8. Kate Barnett with 10 approved requests.
9. Joel Pugh with 9 approved requests.
10. Fernando D'emidio with 8 approved requests.

Please note that the first row doesn't provide a name, meaning it might be referencing an anonymous or unattributed data point. Also, it has significantly more approved requests than any other PI, which could indicate an error or outlier in the data.","SELECT 
    PI_FIRST_NAME, 
    PI_LAST_NAME, 
    COUNT(*) AS Approved_Requests
FROM 
    GMGTEST_V_REQ_ORG_GEOCODING_JOINED
WHERE 
    ""DISPOSITION - GRANT STATUS"" = 'Approved'
GROUP BY 
    PI_FIRST_NAME, 
    PI_LAST_NAME
ORDER BY 
    Approved_Requests DESC
LIMIT 10;","  PI_FIRST_NAME PI_LAST_NAME  APPROVED_REQUESTS
0          None         None              10071
1     manjunath   krishnappa                 35
2           jon       hobson                 32
3         scott      killian                 22
4     manjunath    kishnappa                 20
5    brandywine      andrews                 14
6       vincent     devereux                 11
7          kate      barnett                 10
8          joel         pugh                  9
9      fernando     d'emidio                  8",[],3,[],0.1,0.1,400,-,-,-
4/17/2024 0:31,Grant Details,query,Shravani,Who are the top 10 PIs with the greatest number of approved requests?,-,"The top 10 Principal Investigators (PIs) with the highest number of approved requests are as follows:

1. The PI with the highest number of approved requests is not specified in the data, but they have 10,071 approved requests.
2. Manjunath Krishnappa ranks second with 35 approved requests.
3. Jon Hobson is third, having 32 approved requests.
4. Scott Killian comes in fourth with 22 approved requests.
5. Manjunath Kishnappa ranks fifth, with 20 approved requests. 
6. Brandywine Andrews is sixth, with 14 approved requests.
7. Vincent Devereux is seventh, with 11 approved requests.
8. Kate Barnett is eighth, with 10 approved requests.
9. Joel Pugh is ninth, with 9 approved requests.
10. Fernando D'emidio is tenth, with 8 approved requests.

It's worth noting that ""None None"" likely indicates missing data for the PI's first and last name in the first row.","SELECT PI_FIRST_NAME, PI_LAST_NAME, COUNT(*) AS Approved_Requests
FROM GMGTEST_V_REQ_ORG_GEOCODING_JOINED
WHERE ""DISPOSITION - GRANT STATUS"" = 'Approved'
GROUP BY PI_FIRST_NAME, PI_LAST_NAME
ORDER BY Approved_Requests DESC
LIMIT 10;","  PI_FIRST_NAME PI_LAST_NAME  APPROVED_REQUESTS
0          None         None              10071
1     manjunath   krishnappa                 35
2           jon       hobson                 32
3         scott      killian                 22
4     manjunath    kishnappa                 20
5    brandywine      andrews                 14
6       vincent     devereux                 11
7          kate      barnett                 10
8          joel         pugh                  9
9      fernando     d'emidio                  8",[],3,[],0.1,0.1,400,-,-,-
4/17/2024 0:35,Grant Details,query,Shravani,Who are the top 10 PIs with the greatest number of approved requests?,-,"The top 10 Principal Investigators (PIs) with the highest number of approved requests according to your data are:

1. The PI with no recorded first or last name has the highest number of approved requests at 10071.
2. Manjunath Krishnappa follows with 35 approved requests.
3. Jon Hobson is next, with 32 approved requests.
4. Scott Killian has secured 22 approvals.
5. Another individual named Manjunath, this one with the last name Kishnappa, has 20 approved requests.
6. Brandywine Andrews has received 14 approvals.
7. Vincent Devereux has gained 11 approvals.
8. Kate Barnett has 10 approved requests.
9. Joel Pugh has received approval 9 times.
10. Lastly, Fernando D'Emidio has 8 approved requests.

Please note that there might be a potential typo or inconsistency in your data as there are two PIs named Manjunath with slightly different last names (Krishnappa and Kishnappa). If these two are the same person, their total approved requests would be 55, placing them second on the list. It's essential to ensure the correct matching of PI names to their approved requests for accurate ranking.","SELECT PI_FIRST_NAME, PI_LAST_NAME, COUNT(*) AS Approved_Requests
FROM GMGTEST_V_REQ_ORG_GEOCODING_JOINED
WHERE ""DISPOSITION - GRANT STATUS"" = 'Approved'
GROUP BY PI_FIRST_NAME, PI_LAST_NAME
ORDER BY Approved_Requests DESC
LIMIT 10;","  PI_FIRST_NAME PI_LAST_NAME  APPROVED_REQUESTS
0          None         None              10071
1     manjunath   krishnappa                 35
2           jon       hobson                 32
3         scott      killian                 22
4     manjunath    kishnappa                 20
5    brandywine      andrews                 14
6       vincent     devereux                 11
7          kate      barnett                 10
8          joel         pugh                  9
9      fernando     d'emidio                  8",[],3,[],0.1,0.1,400,-,-,-
4/17/2024 0:40,Grant Details,query,Shravani,Who are the top 10 PIs with the greatest number of approved requests?,-,"Your question seems to be asking for a list of the top 10 Principal Investigators (PIs) with the greatest number of approved requests, which is information that would typically be retrieved from a database. However, I, as an AI model, don't have the ability to access databases or specific data sources. My function is to provide information and answer questions based on my training data.

If you're looking to get this data from a database, you'll likely need to use a SQL query or similar depending on your database system. The query might look something like this:

```sql
SELECT PI_Name, COUNT(*) as NumberOfApprovedRequests
FROM Requests
WHERE Status = 'Approved'
GROUP BY PI_Name
ORDER BY NumberOfApprovedRequests DESC
LIMIT 10;
```

This SQL script assumes that you have a table named 'Requests' with columns 'PI_Name' and 'Status'. This query should return the top 10 PIs with the most approved requests.

Please adjust this query according to your actual database schema. If you need more specific help, please provide more details.","SELECT COUNT(*)
FROM GMGTEST_V_REQ_ORG_GEOCODING_JOINED
WHERE ""DISPOSITION - GRANT STATUS"" = 'Closed' AND 
EXTRACT(YEAR FROM TO_DATE(FINAL_APPROVAL_DATE)) = EXTRACT(YEAR FROM DATEADD(YEAR, -1, CURRENT_DATE()))","   COUNT(*)
0         0",[],3,[],0.1,0.1,400,-,-,-
4/17/2024 0:45,Grant Details,query,Shravani,Who are the top 10 PIs with the greatest number of approved requests?,-,"The top 10 Principal Investigators (PIs) with the most approved requests are as follows:

1. The PI with the most approved requests did not have a first or last name provided, but they have 10,071 approved requests.
2. Manjunath Krishnappa is second with 35 approved requests.
3. Jon Hobson is third with 32 approved requests.
4. Scott Killian is fourth with 22 approved requests.
5. Manjunath Kishnappa is fifth with 20 approved requests.
6. Brandywine Andrews is sixth with 14 approved requests.
7. Vincent Devereux is seventh with 11 approved requests.
8. Kate Barnett is eighth with 10 approved requests.
9. Joel Pugh is ninth with 9 approved requests.
10. Fernando D'Emidio is tenth with 8 approved requests.","SELECT 
    PI_FIRST_NAME, 
    PI_LAST_NAME, 
    COUNT(*) AS Approved_Requests
FROM 
    GMGTEST_V_REQ_ORG_GEOCODING_JOINED
WHERE 
    ""DISPOSITION - GRANT STATUS"" = 'Approved'
GROUP BY 
    PI_FIRST_NAME, 
    PI_LAST_NAME
ORDER BY 
    Approved_Requests DESC
LIMIT 10;","  PI_FIRST_NAME PI_LAST_NAME  APPROVED_REQUESTS
0          None         None              10071
1     manjunath   krishnappa                 35
2           jon       hobson                 32
3         scott      killian                 22
4     manjunath    kishnappa                 20
5    brandywine      andrews                 14
6       vincent     devereux                 11
7          kate      barnett                 10
8          joel         pugh                  9
9      fernando     d'emidio                  8",[],3,[],0.1,0.1,400,-,-,-
4/17/2024 0:56,GNT01 SOPs and JobAids,query,Shravani,Who are the top 10 PIs with the greatest number of approved requests?," As a kind robot, I am happy to help you with your question! However, I don't have access to the most up-to-date information on the top 10 PIs with the greatest number of approved requests. I'm just an AI, I don't have the ability to access external data or databases, so I can't provide you with the most accurate answer. I'm afraid I don't know the answer to your question. My apologies! Is there anything else I can help you with?",-,-,-,[],3,[],0.1,0.1,400,-,-,-
4/17/2024 0:57,GNT01 SOPs and JobAids,query,Shravani,Who are the top 10 PIs with the greatest number of approved requests?," As a kind robot, I am happy to help you with your question! However, I don't have access to the most up-to-date information on the top 10 PIs with the greatest number of approved requests. I'm just an AI, I don't have the ability to access external data or databases, so I can't provide you with the most accurate answer. I'm afraid I don't know the answer to your question. My apologies! Is there anything else I can help you with?",-,-,-,[],3,[],0.1,0.1,400,like,-,-
4/17/2024 0:58,Grant Details,query,Shravani,Who are the top 10 PIs with the greatest number of approved requests?,-,"The table you've shown lists the top 10 Principal Investigators (PIs) who have the highest number of approved requests. It appears that this data is sorted by the number of approved requests in descending order. Here's a plain English interpretation of the data:

1. The PI with the highest number of approved requests, 10071, does not have their first or last names provided.
2. The PI with the second highest number of approved requests is Manjunath Krishnappa, with 35 approved requests. 
3. Following him is Jon Hobson, with 32 approved requests. 
4. The fourth highest is Scott Killian, with 22 approved requests.
5. Manjunath Kishnappa has 20 approved requests.
6. Brandywine Andrews has been approved 14 times.
7. Vincent Devereux has 11 approved requests.
8. Kate Barnett has 10 approved requests.
9. Joel Pugh has been approved 9 times.
10. Finally, Fernando D'Emidio has 8 approved requests.

This ranking is based on the number of approved requests each PI has received.","SELECT 
    PI_FIRST_NAME, 
    PI_LAST_NAME, 
    COUNT(*) AS Approved_Requests
FROM 
    GMGTEST_V_REQ_ORG_GEOCODING_JOINED
WHERE 
    ""DISPOSITION - GRANT STATUS"" = 'Approved'
GROUP BY 
    PI_FIRST_NAME, 
    PI_LAST_NAME
ORDER BY 
    Approved_Requests DESC
LIMIT 10;","  PI_FIRST_NAME PI_LAST_NAME  APPROVED_REQUESTS
0          None         None              10071
1     manjunath   krishnappa                 35
2           jon       hobson                 32
3         scott      killian                 22
4     manjunath    kishnappa                 20
5    brandywine      andrews                 14
6       vincent     devereux                 11
7          kate      barnett                 10
8          joel         pugh                  9
9      fernando     d'emidio                  8",[],3,[],0.1,0.1,400,-,dislike,testing
4/17/2024 0:43,GNT01 SOPs and JobAids,query,Shravani,How to approve grants?," Hello! As a kind robot, I'm here to help you with your question. To approve grants, you will need to follow the steps outlined in the GMGS Guidance for Grant Reviewers.

According to the job aid, the approval process for grants to US entities involves completing the last Approval Step in GMGS within 2 days of the final decision from the Lead Medical Reviewer. The GA will confirm the correct budget line to be used if required, and then complete the final Approval Step in GMGS, triggering autonotification to the GrantSeeker.

For grants to exUS entities, the approval process involves initiating MAPP preapproval. The budget owner will be asked to approve MAPP Due Diligence in ACM/Navigator, and the GA will confirm the correct budget line to be used if required. Once MAPP is approved, the GA will complete the final Approval Step in GMGS, triggering autonotification to the GrantSeeker.

It's important to note that the approval process may vary depending on the specific grant and the requirements of the funding agency. Therefore, it's always a good idea to review the grant documentation carefully and follow the instructions provided by the funding agency.

I hope this information helps! If you have any further questions, please don't hesitate to ask.",-,-,-,"['s3://gmg-s3-sagemaker-artifacts/gmg_job_Aids&sop/2.00.00 GMGS Guidance for Grant Reviewers.pdf', 's3://gmg-s3-sagemaker-artifacts/gmg_job_Aids&sop/2.00.01 GMGS Job Aid GMGS Guidance for Grant Reviewers.pdf', 's3://gmg-s3-sagemaker-artifacts/gmg_job_Aids&sop/2.00.00 GMGS Guidance for Grant Reviewers.pdf']",3,"['Approvals\n\nFor grants to US entities: the GA should complete the last Approval Step in GMGS within 2 days of the final decision from the Lead Medical Reviewer. The GA will confirm the correct budget line to be used if required; and complete the final Approval Step in GMGS, triggering autonotification to the GrantSeeker.\n\nFor grants to exUS entities, the GA will be required to initiate MAPP preapproval. Note: the budget owner will be asked to approve MAPP Due Diligence in ACM/Navigator. The GA will confirm the correct budget line to be used if required and once MAPP is approved, complete the final Approval Step in GMGS, triggering autonotification to the GrantSeeker.\n\nV2.020Feb2023\n\nCL\n\n19\n\nGMGS Job Aid: GMGS Guidance for Grant Reviewers\n\nRelease of support for Unsolicited Grants', 'Approvals\n\nFor grants to US entities: the GA should complete the last Approval Step in GMGS within 2 days of the final decision from the Lead Medical Reviewer. The GA will confirm the correct budget line to be used if required; and complete the final Approval Step in GMGS, triggering autonotification to the GrantSeeker.\n\nFor grants to exUS entities, the GA will be required to initiate MAPP preapproval. Note: the budget owner will be asked to approve MAPP Due Diligence in ACM/Navigator. The GA will confirm the correct budget line to be used if required and once MAPP is approved, complete the final Approval Step in GMGS, triggering autonotification to the GrantSeeker.\n\nV2.020Feb2023\n\nCL\n\n19\n\nGMGS Job Aid: GMGS Guidance for Grant Reviewers\n\nRelease of support for Unsolicited Grants', '7. Return to Approval step & click Approve or Reject button to enter final decision. Contact GA if Return to Reviewer option required.\n\nV2.020Feb2023\n\nCL\n\n18\n\nGMGS Job Aid: GMGS Guidance for Grant Reviewers\n\nUseful Information Reviewing Grants']",0.1,0.1,400,like,-,-
4/17/2024 0:47,GNT01 SOPs and JobAids,query,Shravani,How to approve grants?," Hello! As a kind robot, I'm here to help you with your question. To approve grants, you will need to follow the steps outlined in the GMGS Guidance for Grant Reviewers.

According to the job aid, the approval process for grants to US entities involves completing the last Approval Step in GMGS within 2 days of the final decision from the Lead Medical Reviewer. The GA will confirm the correct budget line to be used if required, and then complete the final Approval Step in GMGS, triggering autonotification to the GrantSeeker.

For grants to exUS entities, the approval process involves initiating MAPP preapproval. The budget owner will be asked to approve MAPP Due Diligence in ACM/Navigator, and the GA will confirm the correct budget line to be used if required. Once MAPP is approved, the GA will complete the final Approval Step in GMGS, triggering autonotification to the GrantSeeker.

It's important to note that the approval process may vary depending on the specific grant and the requirements of the funding agency. Therefore, it's always a good idea to review the grant documentation carefully and follow the instructions provided by the funding agency.

I hope this information helps! If you have any further questions, please don't hesitate to ask.",-,-,-,"['s3://gmg-s3-sagemaker-artifacts/gmg_job_Aids&sop/2.00.00 GMGS Guidance for Grant Reviewers.pdf', 's3://gmg-s3-sagemaker-artifacts/gmg_job_Aids&sop/2.00.01 GMGS Job Aid GMGS Guidance for Grant Reviewers.pdf', 's3://gmg-s3-sagemaker-artifacts/gmg_job_Aids&sop/2.00.00 GMGS Guidance for Grant Reviewers.pdf']",3,"['Approvals\n\nFor grants to US entities: the GA should complete the last Approval Step in GMGS within 2 days of the final decision from the Lead Medical Reviewer. The GA will confirm the correct budget line to be used if required; and complete the final Approval Step in GMGS, triggering autonotification to the GrantSeeker.\n\nFor grants to exUS entities, the GA will be required to initiate MAPP preapproval. Note: the budget owner will be asked to approve MAPP Due Diligence in ACM/Navigator. The GA will confirm the correct budget line to be used if required and once MAPP is approved, complete the final Approval Step in GMGS, triggering autonotification to the GrantSeeker.\n\nV2.020Feb2023\n\nCL\n\n19\n\nGMGS Job Aid: GMGS Guidance for Grant Reviewers\n\nRelease of support for Unsolicited Grants', 'Approvals\n\nFor grants to US entities: the GA should complete the last Approval Step in GMGS within 2 days of the final decision from the Lead Medical Reviewer. The GA will confirm the correct budget line to be used if required; and complete the final Approval Step in GMGS, triggering autonotification to the GrantSeeker.\n\nFor grants to exUS entities, the GA will be required to initiate MAPP preapproval. Note: the budget owner will be asked to approve MAPP Due Diligence in ACM/Navigator. The GA will confirm the correct budget line to be used if required and once MAPP is approved, complete the final Approval Step in GMGS, triggering autonotification to the GrantSeeker.\n\nV2.020Feb2023\n\nCL\n\n19\n\nGMGS Job Aid: GMGS Guidance for Grant Reviewers\n\nRelease of support for Unsolicited Grants', '7. Return to Approval step & click Approve or Reject button to enter final decision. Contact GA if Return to Reviewer option required.\n\nV2.020Feb2023\n\nCL\n\n18\n\nGMGS Job Aid: GMGS Guidance for Grant Reviewers\n\nUseful Information Reviewing Grants']",0.1,0.1,400,-,-,-
4/17/2024 0:47,Grant Details,query,Shravani,What is the total number of approved grants?,-,"The total number of approved grants is 15,699.","SELECT COUNT(*) 
FROM GMGTEST_V_REQ_ORG_GEOCODING_JOINED
WHERE ""DISPOSITION - GRANT STATUS"" = 'Approved';","   COUNT(*)
0     15699",[],3,[],0.1,0.1,400,like,-,-
4/17/2024 0:53,GNT01 SOPs and JobAids,query,Shravani,How to approve grants?," Hello! As a kind robot, I'm here to help you with your question. To approve grants, you will need to follow the steps outlined in the GMGS Guidance for Grant Reviewers.

According to the job aid, the approval process for grants to US entities involves completing the last Approval Step in GMGS within 2 days of the final decision from the Lead Medical Reviewer. The GA will confirm the correct budget line to be used if required, and then complete the final Approval Step in GMGS, triggering autonotification to the GrantSeeker.

For grants to exUS entities, the approval process involves initiating MAPP preapproval. The budget owner will be asked to approve MAPP Due Diligence in ACM/Navigator, and the GA will confirm the correct budget line to be used if required. Once MAPP is approved, the GA will complete the final Approval Step in GMGS, triggering autonotification to the GrantSeeker.

It's important to note that the approval process may vary depending on the specific grant and the requirements of the funding agency. Therefore, it's always a good idea to review the grant documentation carefully and follow the instructions provided by the funding agency.

I hope this information helps! If you have any further questions, please don't hesitate to ask.",-,-,-,"['s3://gmg-s3-sagemaker-artifacts/gmg_job_Aids&sop/2.00.00 GMGS Guidance for Grant Reviewers.pdf', 's3://gmg-s3-sagemaker-artifacts/gmg_job_Aids&sop/2.00.01 GMGS Job Aid GMGS Guidance for Grant Reviewers.pdf', 's3://gmg-s3-sagemaker-artifacts/gmg_job_Aids&sop/2.00.00 GMGS Guidance for Grant Reviewers.pdf']",3,"['Approvals\n\nFor grants to US entities: the GA should complete the last Approval Step in GMGS within 2 days of the final decision from the Lead Medical Reviewer. The GA will confirm the correct budget line to be used if required; and complete the final Approval Step in GMGS, triggering autonotification to the GrantSeeker.\n\nFor grants to exUS entities, the GA will be required to initiate MAPP preapproval. Note: the budget owner will be asked to approve MAPP Due Diligence in ACM/Navigator. The GA will confirm the correct budget line to be used if required and once MAPP is approved, complete the final Approval Step in GMGS, triggering autonotification to the GrantSeeker.\n\nV2.020Feb2023\n\nCL\n\n19\n\nGMGS Job Aid: GMGS Guidance for Grant Reviewers\n\nRelease of support for Unsolicited Grants', 'Approvals\n\nFor grants to US entities: the GA should complete the last Approval Step in GMGS within 2 days of the final decision from the Lead Medical Reviewer. The GA will confirm the correct budget line to be used if required; and complete the final Approval Step in GMGS, triggering autonotification to the GrantSeeker.\n\nFor grants to exUS entities, the GA will be required to initiate MAPP preapproval. Note: the budget owner will be asked to approve MAPP Due Diligence in ACM/Navigator. The GA will confirm the correct budget line to be used if required and once MAPP is approved, complete the final Approval Step in GMGS, triggering autonotification to the GrantSeeker.\n\nV2.020Feb2023\n\nCL\n\n19\n\nGMGS Job Aid: GMGS Guidance for Grant Reviewers\n\nRelease of support for Unsolicited Grants', '7. Return to Approval step & click Approve or Reject button to enter final decision. Contact GA if Return to Reviewer option required.\n\nV2.020Feb2023\n\nCL\n\n18\n\nGMGS Job Aid: GMGS Guidance for Grant Reviewers\n\nUseful Information Reviewing Grants']",0.1,0.1,400,-,-,-
4/17/2024 0:08,GNT01 SOPs and JobAids,query,Eswar,How to login to grants," Hello! I'm here to help you with your question. To login to the Global Medical Grants System, you can follow these steps:

1. Go to the System Support page on GMG Academy: <https://pfizer.sharepoint.com/sites/GlobalMedicalGrants/SystemSupport>
2. Click on the Request Access button.
3. Under Type of Request, choose Add User to GMGS.
4. Fill in the required fields with your information, including your name and Pfizer colleague you would like to request access for (if applicable).
5. Click Save settings.

Please note that you should not click the external user checkbox, as this is for GMG Team use only.

I hope this helps! If you have any further questions or concerns, please feel free to ask.",-,-,-,"['s3://gmg-s3-sagemaker-artifacts/gmg_job_Aids&sop/0.01.05 GMGS Requesting Access Tipsheet.pdf', 's3://gmg-s3-sagemaker-artifacts/gmg_job_Aids&sop/0.00.02 GMGS Job Aid User Access Management.pdf', 's3://gmg-s3-sagemaker-artifacts/gmg_job_Aids&sop/0.00.00 Setting up Views in GMG Portal.pdf']",3,"['GMGS Job Aid: Requesting Access\n\nHow to request access to the Global Medical Grants System\n\nTo request access to the Global Medical Grants System, follow these steps:\n\n1. Go to the System Support page on GMG Academy:\n\nhttps://pfizer.sharepoint.com/sites/GlobalMedicalGrants/SystemSupport\n\nClick on the Request Access button.\n\n2. Under Type of Request, choose Add User to GMGS\n\n1 of 7\n\nGMGS Job Aid: Requesting Access\n\nHow to request access to the Global Medical Grants System\n\nNOTE: You can choose to add a different Pfizer colleague to the system instead of yourself  you can X out the listed colleague and type in the name of the colleague you would like to request access for.\n\nIMPORTANT: Do not click the external user checkbox. This is for GMG Team use only.\n\n3.', 'GMGS Job Aid: User Access Management\n\nPurpose & Scope\n\nThe purpose of this document is to describe the measures taken to control access to Global Medical Grant System GMGS. GMGS is an enterprise CyberGrants application that requires a Pfizer network ID to access it.\n\nScope:\n\nDescription of Task\n\nOwner\n\nObtaining and modifying access to GMGS Internal and External\n\nInternal Accounts: Wuhan COE\n\nExternal Accounts: Grant Support Admin\n\nManaging the annual review of active GMGS users\n\nSystem Owner PT&O /Digital Lead\n\nManaging the annual review of ASLs\n\nMedical Grants Operations Financial Projects Director FPL\n\nUpdating GMGS training requirements in the Request Manager system\n\nSystem Owner PT&O /Digital Lead\n\nRemoving/Deactivating User Accounts in GMGS Internal and External\n\nInternal Accounts in SP: Wuhan COE\n\nExternal Accounts: Grant Support Admin\n\nThis document describes only those activities', 'Use, click Save settings\n\na. Grant/Request Amount b. Request ID c. Request Owner d. Request Location e. Request Strategy f. Proposal Type g. Organization Country h. Organization Legal Name i. Submitted/Request Date j. Request Disposition Status\n\nVersion 2.0 October 20,2021\n\nPage 4\n\nIMPORTANT: Do not use the New Request option. All Grant applications must be entered on the external GMG System Portal\n\nMain Tab Search Default View:\n\nUpon logging into the system you can set a default view of your Main Tab Search Results.\n\n1 Logon to CyberGrants click Main tab\n\n2 Go to SearchFill in appropriate filters\n\nVersion 2.0 October 20,2021\n\nPage 5\n\nAt a minimum it is recommended you enter your name in the Request Owner Filter. You can also filter by Proposal Type application type: Research, Independent Medical Education, etc and Request Strategy Primary Area of Interest\n\n3 Click Search\n\n4 Click Make Default']",0.1,0.1,400,-,-,-
4/17/2024 0:13,Grant Details,query,Sainath,show me total approved grants for india last year,-,"It appears you're asking for a response in plain English related to data about approved grants for India last year, and you've mentioned ""COUNT(*) 0 32"". However, the information provided is a bit unclear. Are you referring to a particular database or dataset? If you're referring to a query from a SQL database, ""COUNT(*)"" is used to count the number of rows in a table. But without more specific information, I can't provide a more exact response. 

If there were 32 approved grants for India last year, according to your data, then in plain English, the answer would be: ""Last year, India received approval for 32 grants."" If this doesn't answer your question, could you provide more details?","SELECT COUNT(*) 
FROM GMGTEST_V_REQ_ORG_GEOCODING_JOINED
WHERE ""DISPOSITION - GRANT STATUS"" = 'Approved' 
AND COUNTRY = 'India' 
AND EXTRACT(YEAR FROM TO_DATE(FINAL_APPROVAL_DATE)) = EXTRACT(YEAR FROM DATEADD(YEAR, -1, CURRENT_DATE()));","   COUNT(*)
0        32",[],3,[],0.1,0.1,400,-,-,-
4/17/2024 0:21,GNT01 SOPs and JobAids,query,Sainath,showme the roels in cyber grants," As a kind robot, I'm happy to help you with your question! Based on the context you provided, here are the roles in CyberGrants:

1. Request Owner: This is the person who created the grant request.
2. Proposal Type: This refers to the type of grant application, such as Research or Independent Medical Education.
3. Request Strategy: This refers to the specific area of interest or focus of the grant request.
4. Request Location: This refers to the location where the grant request is being submitted.
5. Request Region: This refers to the geographic region where the grant request is being submitted.
6. Competitive Grant Program Name: This refers to the name of the grant program for which the request is being submitted.
7. Request Disposition: This refers to the current status of the grant request, such as ""In Progress"" or ""Awarded"".
8. Request ID: This is a unique identifier for the grant request.
9. Organization Country: This refers to the country where the organization submitting the grant request is located.
10. Organization Legal Name: This refers to the legal name of the organization submitting the grant request.

I hope this helps! Let me know if you have any other questions.",-,-,-,"['s3://gmg-s3-sagemaker-artifacts/gmg_job_Aids&sop/0.00.00 Setting up Views in GMG Portal.pdf', 's3://gmg-s3-sagemaker-artifacts/gmg_job_Aids&sop/0.00.00 Setting up Views in GMG Portal.pdf', 's3://gmg-s3-sagemaker-artifacts/gmg_job_Aids&sop/7.02.00 GMGS Job Aid ISR Guide for Medical Affairs Colleagues.pdf']",3,"['Use, click Save settings\n\na. Grant/Request Amount b. Request ID c. Request Owner d. Request Location e. Request Strategy f. Proposal Type g. Organization Country h. Organization Legal Name i. Submitted/Request Date j. Request Disposition Status\n\nVersion 2.0 October 20,2021\n\nPage 4\n\nIMPORTANT: Do not use the New Request option. All Grant applications must be entered on the external GMG System Portal\n\nMain Tab Search Default View:\n\nUpon logging into the system you can set a default view of your Main Tab Search Results.\n\n1 Logon to CyberGrants click Main tab\n\n2 Go to SearchFill in appropriate filters\n\nVersion 2.0 October 20,2021\n\nPage 5\n\nAt a minimum it is recommended you enter your name in the Request Owner Filter. You can also filter by Proposal Type application type: Research, Independent Medical Education, etc and Request Strategy Primary Area of Interest\n\n3 Click Search\n\n4 Click Make Default', 'Setting up Views in GMG Portal Main tab\n\nPurpose: 1 To configure search filters & columns to determine how search results will appear on Main Tab. 2 Save new Global Medical Grants System link Single Sign On internal Pfizer link as a web browser favorite.\n\nMain Tab Filters:\n\n1 Logon to CyberGrants click Main tab\n\n2 Click Settings icon on the right\n\n3 Click Edit/Add Search Filters\n\nVersion 2.0 October 20,2021\n\nPage 1\n\n4 Choose the following by selecting each check box, click Save settings\n\na. Organization Country b. Proposal Type c. Request Strategy Primary Area of Interest d. Request Location Pfizer Drug/Compound e. Request Region Competitive Grant Program Name f. Request Disposition g. Request Owner h. Request ID\n\nVersion 2.0 October 20,2021\n\nPage 2\n\nMain Tab Search Results View:\n\n1 Logon to CyberGrants  click Main tab\n\n2 Click settings icon on the right\n\n3 Click on Edit Result Columns\n\nVersion 2.0 October 20,2021\n\nPage 3\n\n4 Select the following available columns in the order that they appear and move to In', 'b. If requested by the reviewer, the FMD may followup on additional information that has been requested from the grant requester via email from GMGS. A formal request should always be sent first via GMGS. All responses to requests for additional information must eventually be sent directly from the grant applicant through GMGS or to the Grant Administrator.\n\nc. FMDs may also provide approved communications/updates to the grant applicant.\n\n3. Can FMDs initiate an internal ISR review meeting outside of the CyberGrants review process\n\na. No. The ISR review process is owned by the country or global reviewer and as such they are the\n\nonly ones who, in alignment with the Grant Administrator, can initiate any ISR review.\n\n4.\n\nIf the proposal is missing key safety information, can the FMD provide the appropriate information to the grant applicant to facilitate an amendment to the proposal']",0.1,0.1,400,-,-,-
4/17/2024 0:40,Grant Details,query,Parth,Who are the top PIs are in india,-,"It seems like you're looking for some information about the top principal investigators (PIs) in India, but your question isn't very clear. Could you please clarify what field or area these investigators are in? Also, it looks like you've referenced some sort of database query (""COUNT(*) 0 0""), but there's no context or additional data provided, making it hard to provide a thorough answer.

If you're seeking the top PIs in India within a specific scientific or academic field, the answer would generally be based on factors such as the number and impact of their publications, their reputation within their field, and the amount of funding they've obtained. However, as an AI, I don't have real-time or specific data to provide a list of the top PIs in India, or anywhere else.

For current, accurate information, you might want to look at recent publications, academic databases, or rankings provided by reputable research or academic institutions. A good starting point could be tools like Google Scholar, Scopus, or Web of Science, which can provide information about an investigator's citation count and h-index, both of which are indicators of their impact in their field.","SELECT COUNT(*) 
FROM GMGTEST_V_REQ_ORG_GEOCODING_JOINED
WHERE ""DISPOSITION - GRANT STATUS"" = 'Closed' 
AND EXTRACT(YEAR FROM TO_DATE(FINAL_APPROVAL_DATE)) = EXTRACT(YEAR FROM DATEADD(YEAR, -1, CURRENT_DATE()))","   COUNT(*)
0         0",[],3,[],0.1,0.1,400,-,-,-
4/17/2024 0:44,Grant Details,query,Parth,How many grants were approved last year?,-,"Based on the data provided, a total of 1,668 grants were approved last year.","SELECT COUNT(*) 
FROM GMGTEST_V_REQ_ORG_GEOCODING_JOINED
WHERE ""DISPOSITION - GRANT STATUS"" = 'Approved' 
AND EXTRACT(YEAR FROM TO_DATE(FINAL_APPROVAL_DATE)) = EXTRACT(YEAR FROM DATEADD(YEAR, -1, CURRENT_DATE()))","   COUNT(*)
0      1668",[],3,[],0.1,0.1,400,-,-,-
4/17/2024 0:54,Grant Details,query,Parth,How many grants were approved by the BU - Hospital last year?,-,"Last year, the BU - Hospital approved a total of 224 grants.","SELECT COUNT(*)
FROM GMGTEST_V_REQ_ORG_GEOCODING_JOINED
WHERE ""DISPOSITION - GRANT STATUS"" = 'Approved' 
AND PFIZER_BUSINESS_UNIT_BU_CLUSTER = 'BU - Hospital'
AND EXTRACT(YEAR FROM TO_DATE(FINAL_APPROVAL_DATE)) = EXTRACT(YEAR FROM DATEADD(YEAR, -1, CURRENT_DATE()))","   COUNT(*)
0       224",[],3,[],0.1,0.1,400,-,-,-
4/17/2024 0:05,GNT01 SOPs and JobAids,query,Shravani,how to approve grants," Hello! I'm here to help you with your question. To approve grants, you will need to follow the steps outlined in the GMGS Guidance for Grant Reviewers. Specifically, you will need to:

1. Return to the Approval step and click the Approve or Reject button to enter your final decision.
2. If the Return to Reviewer option is required, contact the GA (Grant Administrator) for further assistance.

It's important to note that the approval process may vary depending on whether the grant is being awarded to a US entity or an exUS entity. For US entities, the GA will complete the last Approval Step in GMGS within 2 days of the final decision from the Lead Medical Reviewer, while for exUS entities, the GA will be required to initiate MAPP preapproval.

I hope this helps! If you have any further questions, please don't hesitate to ask.",-,-,-,"['s3://gmg-s3-sagemaker-artifacts/gmg_job_Aids&sop/2.00.00 GMGS Guidance for Grant Reviewers.pdf', 's3://gmg-s3-sagemaker-artifacts/gmg_job_Aids&sop/2.00.01 GMGS Job Aid GMGS Guidance for Grant Reviewers.pdf', 's3://gmg-s3-sagemaker-artifacts/gmg_job_Aids&sop/2.00.01 GMGS Job Aid GMGS Guidance for Grant Reviewers.pdf']",3,"['Approvals\n\nFor grants to US entities: the GA should complete the last Approval Step in GMGS within 2 days of the final decision from the Lead Medical Reviewer. The GA will confirm the correct budget line to be used if required; and complete the final Approval Step in GMGS, triggering autonotification to the GrantSeeker.\n\nFor grants to exUS entities, the GA will be required to initiate MAPP preapproval. Note: the budget owner will be asked to approve MAPP Due Diligence in ACM/Navigator. The GA will confirm the correct budget line to be used if required and once MAPP is approved, complete the final Approval Step in GMGS, triggering autonotification to the GrantSeeker.\n\nV2.020Feb2023\n\nCL\n\n19\n\nGMGS Job Aid: GMGS Guidance for Grant Reviewers\n\nRelease of support for Unsolicited Grants', 'Approvals\n\nFor grants to US entities: the GA should complete the last Approval Step in GMGS within 2 days of the final decision from the Lead Medical Reviewer. The GA will confirm the correct budget line to be used if required; and complete the final Approval Step in GMGS, triggering autonotification to the GrantSeeker.\n\nFor grants to exUS entities, the GA will be required to initiate MAPP preapproval. Note: the budget owner will be asked to approve MAPP Due Diligence in ACM/Navigator. The GA will confirm the correct budget line to be used if required and once MAPP is approved, complete the final Approval Step in GMGS, triggering autonotification to the GrantSeeker.\n\nV2.020Feb2023\n\nCL\n\n19\n\nGMGS Job Aid: GMGS Guidance for Grant Reviewers\n\nRelease of support for Unsolicited Grants', '7. Return to Approval step & click Approve or Reject button to enter final decision. Contact GA if Return to Reviewer option required.\n\nV2.020Feb2023\n\nCL\n\n18\n\nGMGS Job Aid: GMGS Guidance for Grant Reviewers\n\nUseful Information Reviewing Grants']",0.1,0.1,400,-,-,-
4/17/2024 0:14,GNT01 SOPs and JobAids,query,Parth,who's the lead medical reviewer," Based on the provided context, the Lead Medical Reviewer is responsible for reviewing all other Advisor comments entered before them. For Research Requests, the Lead Medical Reviewer should review all inputs, including the Local Medical Reviewer Grant Assessment section, the Internal Section for Approver/Reviewer, and the Approval Section. The Lead Medical Reviewer is responsible for reviewing the Local and Specialized Reviewer comments and overall recommendations in the Approval Section. Therefore, the answer to the question ""Who is the Lead Medical Reviewer?"" is: the Lead Medical Reviewer is responsible for reviewing all other Advisor comments entered before them, and for reviewing the Local and Specialized Reviewer comments and overall recommendations in the Approval Section.",-,-,-,"['s3://gmg-s3-sagemaker-artifacts/gmg_job_Aids&sop/2.00.01 GMGS Job Aid GMGS Guidance for Grant Reviewers.pdf', 's3://gmg-s3-sagemaker-artifacts/gmg_job_Aids&sop/2.00.00 GMGS Guidance for Grant Reviewers.pdf', 's3://gmg-s3-sagemaker-artifacts/gmg_job_Aids&sop/2.00.01 GMGS Job Aid GMGS Guidance for Grant Reviewers.pdf']",3,"['Lead Medical Reviewers are responsible for reviewing all other Advisor comments entered before them. For Research Requests there is a section for Local Medical Reviewer Grant Assessment, as well as an Internal Section for Approver/Reviewer and the Lead Medical Reviewer should review all inputs. The Local and Specialized Reviewer comments and overall recommendations will be captured in the Approval Section.', 'Lead Medical Reviewers are responsible for reviewing all other Advisor comments entered before them. For Research Requests there is a section for Local Medical Reviewer Grant Assessment, as well as an Internal Section for Approver/Reviewer and the Lead Medical Reviewer should review all inputs. The Local and Specialized Reviewer comments and overall recommendations will be captured in the Approval Section.', 'Local and Lead Medical Reviewers\n\nField Name\n\nField Description\n\nStrategic Alignment\n\nIs the goal of the study in line with a Pfizer area of interest\n\nScientific Merit\n\nInnovation/ Uniqueness Methodology\n\nDoes the study goal address an important problem or a critical barrier to progress in the field Does the goal or methodology illustrate an innovative approach that does not replicate other efforts Did the request adequately describe the way the study addresses the established need and produces the desired results Does the request describe the data source, method and analysis that will be used to evaluate the results of this study Is the assessment plan sound\n\nOrganizational Capability, Leadership & Staff Capacity\n\nApproach/ Feasibility']",0.1,0.1,400,-,-,-
4/17/2024 16:34,GNT01 SOPs and JobAids,query,Eswar,How to access grants," Thank you for providing me with the context. To answer your question, the steps to access grants through the Global Medical Grants System are as follows:

1. Go to the System Support page on GMG Academy: <https://pfizer.sharepoint.com/sites/GlobalMedicalGrants/SystemSupport>
2. Click on the Request Access button.
3. Under Type of Request, choose Add User to GMGS.
4. Enter the required information for the new user, including their name, role, country, and other fields based on their selection.
5. Click Save settings.

I hope this helps! Let me know if you have any other questions.",-,-,-,"['s3://gmg-s3-sagemaker-artifacts/gmg_job_Aids&sop/0.01.05 GMGS Requesting Access Tipsheet.pdf', 's3://gmg-s3-sagemaker-artifacts/gmg_job_Aids&sop/0.00.00 Setting up Views in GMG Portal.pdf', 's3://gmg-s3-sagemaker-artifacts/gmg_job_Aids&sop/0.01.05 GMGS Requesting Access Tipsheet.pdf']",3,"['GMGS Job Aid: Requesting Access\n\nHow to request access to the Global Medical Grants System\n\nTo request access to the Global Medical Grants System, follow these steps:\n\n1. Go to the System Support page on GMG Academy:\n\nhttps://pfizer.sharepoint.com/sites/GlobalMedicalGrants/SystemSupport\n\nClick on the Request Access button.\n\n2. Under Type of Request, choose Add User to GMGS\n\n1 of 7\n\nGMGS Job Aid: Requesting Access\n\nHow to request access to the Global Medical Grants System\n\nNOTE: You can choose to add a different Pfizer colleague to the system instead of yourself  you can X out the listed colleague and type in the name of the colleague you would like to request access for.\n\nIMPORTANT: Do not click the external user checkbox. This is for GMG Team use only.\n\n3.', 'Use, click Save settings\n\na. Grant/Request Amount b. Request ID c. Request Owner d. Request Location e. Request Strategy f. Proposal Type g. Organization Country h. Organization Legal Name i. Submitted/Request Date j. Request Disposition Status\n\nVersion 2.0 October 20,2021\n\nPage 4\n\nIMPORTANT: Do not use the New Request option. All Grant applications must be entered on the external GMG System Portal\n\nMain Tab Search Default View:\n\nUpon logging into the system you can set a default view of your Main Tab Search Results.\n\n1 Logon to CyberGrants click Main tab\n\n2 Go to SearchFill in appropriate filters\n\nVersion 2.0 October 20,2021\n\nPage 5\n\nAt a minimum it is recommended you enter your name in the Request Owner Filter. You can also filter by Proposal Type application type: Research, Independent Medical Education, etc and Request Strategy Primary Area of Interest\n\n3 Click Search\n\n4 Click Make Default', '3.\n\nChoose the role name you require based on your role  grant administrator, reviewer/approver, specialized access, or external reviewer; enter the country you are based in in the Country Name field. Complete other required fields based on the selection you made. Descriptions are listed below, or you can click on the role type to be brought directly to the description.\n\nNOTE: if the new user is replacing someone else currently in the system, click the checkbox next to user is replacing another colleague. An additional field will appear  list the colleague being replaced there.\n\n2 of 7\n\nGMGS Job Aid: Requesting Access\n\nHow to request access to the Global Medical Grants System\n\nIMPORTANT: Do not choose Specialized Access unless told to by a Global Medical Grants team member, otherwise your request will be rejected.']",0.1,0.1,400,-,-,-
4/17/2024 16:43,GNT01 SOPs and JobAids,query,Eswar,Who are the top 10 PIs with the greatest number of approved requests," As a kind robot, I am happy to help you with your question! However, I don't have access to real-time data on the number of approved requests for each PI, as this information is not publicly available. Additionally, it would not be ethical or responsible to share personal information about individuals without their consent.

Therefore, I cannot provide you with the top 10 PIs with the greatest number of approved requests. I understand that you might be interested in this information, but I hope you can understand that it is not possible for me to provide it to you.

If you have any other questions or concerns, please feel free to ask! I'm here to help.",-,-,-,[],3,[],0.1,0.1,400,-,-,-
4/17/2024 16:44,Grant Details,query,Eswar,Who are the top 10 PIs with the greatest number of approved requests,-,"Based on the given data, the top 10 Principal Investigators (PIs) with the greatest number of approved requests are:

1. It appears there's an error in the first row as it doesn't have a first name or last name, but it has 10071 approved requests.
2. Manjunath Krishnappa with 35 approved requests.
3. Jon Hobson with 32 approved requests.
4. Scott Killian with 22 approved requests.
5. Manjunath Kishnappa with 20 approved requests.
6. Brandywine Andrews with 14 approved requests.
7. Vincent Devereux with 11 approved requests.
8. Kate Barnett with 10 approved requests.
9. Joel Pugh with 9 approved requests.
10. Fernando D'emidio with 8 approved requests.

Note: There seems to be a typo in the dataset. 'Manjunath Krishnappa' and 'Manjunath Kishnappa' may refer to the same person, as it seems unusual for two people with such similar names to be featured separately. If they are indeed the same person, then their total approved requests would be 55. You may want to check your dataset for accuracy.","SELECT 
    PI_FIRST_NAME, 
    PI_LAST_NAME, 
    COUNT(*) AS Approved_Requests
FROM 
    GMGTEST_V_REQ_ORG_GEOCODING_JOINED
WHERE 
    ""DISPOSITION - GRANT STATUS"" = 'Approved'
GROUP BY 
    PI_FIRST_NAME, 
    PI_LAST_NAME
ORDER BY 
    Approved_Requests DESC
LIMIT 10;","  PI_FIRST_NAME PI_LAST_NAME  APPROVED_REQUESTS
0          None         None              10071
1     manjunath   krishnappa                 35
2           jon       hobson                 32
3         scott      killian                 22
4     manjunath    kishnappa                 20
5    brandywine      andrews                 14
6       vincent     devereux                 11
7          kate      barnett                 10
8          joel         pugh                  9
9      fernando     d'emidio                  8",[],3,[],0.1,0.1,400,like,-,-
4/17/2024 16:46,GNT01 SOPs and JobAids,query,Eswar,how to access grants," Thank you for reaching out! I'm here to help you with your question. To access grants through the Global Medical Grants System, you can follow these steps:

1. Go to the System Support page on GMG Academy: <https://pfizer.sharepoint.com/sites/GlobalMedicalGrants/SystemSupport>
2. Click on the Request Access button.
3. Under Type of Request, choose Add User to GMGS.
4. Fill in the required fields with your information, including your name, job role, and proposal types you are interested in.
5. Click Submit.

Once you have submitted your request, it will be reviewed by the Global Medical Grants team. If your request is approved, you will be notified by the system and shortly after, you will be sent your online credentials by a Global Medical Grants team member.

I hope this helps! If you have any further questions, please don't hesitate to ask.",-,-,-,"['s3://gmg-s3-sagemaker-artifacts/gmg_job_Aids&sop/0.01.05 GMGS Requesting Access Tipsheet.pdf', 's3://gmg-s3-sagemaker-artifacts/gmg_job_Aids&sop/0.00.00 Setting up Views in GMG Portal.pdf', 's3://gmg-s3-sagemaker-artifacts/gmg_job_Aids&sop/0.01.05 GMGS Requesting Access Tipsheet.pdf']",3,"['GMGS Job Aid: Requesting Access\n\nHow to request access to the Global Medical Grants System\n\nTo request access to the Global Medical Grants System, follow these steps:\n\n1. Go to the System Support page on GMG Academy:\n\nhttps://pfizer.sharepoint.com/sites/GlobalMedicalGrants/SystemSupport\n\nClick on the Request Access button.\n\n2. Under Type of Request, choose Add User to GMGS\n\n1 of 7\n\nGMGS Job Aid: Requesting Access\n\nHow to request access to the Global Medical Grants System\n\nNOTE: You can choose to add a different Pfizer colleague to the system instead of yourself  you can X out the listed colleague and type in the name of the colleague you would like to request access for.\n\nIMPORTANT: Do not click the external user checkbox. This is for GMG Team use only.\n\n3.', 'Use, click Save settings\n\na. Grant/Request Amount b. Request ID c. Request Owner d. Request Location e. Request Strategy f. Proposal Type g. Organization Country h. Organization Legal Name i. Submitted/Request Date j. Request Disposition Status\n\nVersion 2.0 October 20,2021\n\nPage 4\n\nIMPORTANT: Do not use the New Request option. All Grant applications must be entered on the external GMG System Portal\n\nMain Tab Search Default View:\n\nUpon logging into the system you can set a default view of your Main Tab Search Results.\n\n1 Logon to CyberGrants click Main tab\n\n2 Go to SearchFill in appropriate filters\n\nVersion 2.0 October 20,2021\n\nPage 5\n\nAt a minimum it is recommended you enter your name in the Request Owner Filter. You can also filter by Proposal Type application type: Research, Independent Medical Education, etc and Request Strategy Primary Area of Interest\n\n3 Click Search\n\n4 Click Make Default', '4. Once you choose the job role, you will be asked to choose the proposal types, the areas of interest, the country/countries that the user will be supporting, as well as any additional comments you would like to add before submitting the access request. Further details can be found in the different role types.\n\n5. Click Submit.\n\nTraining and manager approval are required in order to gain access to the Global Medical Grants System. You will be assigned appropriate training based on the role you are requesting. Once you have completed training, your request will be reviewed by the Global Medical Grants team. If your request is approved, you will be notified by the system, and shortly after you will be sent your online credentials by a Global Medical Grants team member.\n\nPlease email globalmedicalgrants@pfizer.com with any questions during the process.\n\n3 of 7\n\nGMGS Job Aid: Requesting Access\n\nHow to request access to the Global Medical Grants System\n\nGRANT ADMINISTRATOR']",0.1,0.1,400,-,dislike,testing
4/17/2024 16:53,GNT01 SOPs and JobAids,query,Eswar,Outline.," Of course! I'm here to help. As a kind robot, I'm programmed to provide helpful and accurate information to the best of my abilities. Please provide me with the context you have in mind, and I'll do my best to assist you.",-,-,-,[],3,[],0.1,0.1,400,-,-,-
4/17/2024 16:54,GNT01 SOPs and JobAids,query,Eswar,Outline.," Of course! I'm here to help. As a kind robot, I'm programmed to provide helpful and accurate information to the best of my abilities. Please provide me with the context you have in mind, and I'll do my best to assist you.",-,-,-,[],3,[],0.1,0.1,400,-,-,-
4/17/2024 16:57,GNT01 SOPs and JobAids,query,Eswar,How to access grants," Thank you for providing me with the context. To answer your question, the steps to access grants through the Global Medical Grants System are as follows:

1. Go to the System Support page on GMG Academy: <https://pfizer.sharepoint.com/sites/GlobalMedicalGrants/SystemSupport>
2. Click on the Request Access button.
3. Under Type of Request, choose Add User to GMGS.
4. Enter the required information for the new user, including their name, role, country, and other fields based on their selection.
5. Click Save settings.

I hope this helps! Let me know if you have any other questions.",-,-,-,"['s3://gmg-s3-sagemaker-artifacts/gmg_job_Aids&sop/0.01.05 GMGS Requesting Access Tipsheet.pdf', 's3://gmg-s3-sagemaker-artifacts/gmg_job_Aids&sop/0.00.00 Setting up Views in GMG Portal.pdf', 's3://gmg-s3-sagemaker-artifacts/gmg_job_Aids&sop/0.01.05 GMGS Requesting Access Tipsheet.pdf']",3,"['GMGS Job Aid: Requesting Access\n\nHow to request access to the Global Medical Grants System\n\nTo request access to the Global Medical Grants System, follow these steps:\n\n1. Go to the System Support page on GMG Academy:\n\nhttps://pfizer.sharepoint.com/sites/GlobalMedicalGrants/SystemSupport\n\nClick on the Request Access button.\n\n2. Under Type of Request, choose Add User to GMGS\n\n1 of 7\n\nGMGS Job Aid: Requesting Access\n\nHow to request access to the Global Medical Grants System\n\nNOTE: You can choose to add a different Pfizer colleague to the system instead of yourself  you can X out the listed colleague and type in the name of the colleague you would like to request access for.\n\nIMPORTANT: Do not click the external user checkbox. This is for GMG Team use only.\n\n3.', 'Use, click Save settings\n\na. Grant/Request Amount b. Request ID c. Request Owner d. Request Location e. Request Strategy f. Proposal Type g. Organization Country h. Organization Legal Name i. Submitted/Request Date j. Request Disposition Status\n\nVersion 2.0 October 20,2021\n\nPage 4\n\nIMPORTANT: Do not use the New Request option. All Grant applications must be entered on the external GMG System Portal\n\nMain Tab Search Default View:\n\nUpon logging into the system you can set a default view of your Main Tab Search Results.\n\n1 Logon to CyberGrants click Main tab\n\n2 Go to SearchFill in appropriate filters\n\nVersion 2.0 October 20,2021\n\nPage 5\n\nAt a minimum it is recommended you enter your name in the Request Owner Filter. You can also filter by Proposal Type application type: Research, Independent Medical Education, etc and Request Strategy Primary Area of Interest\n\n3 Click Search\n\n4 Click Make Default', '3.\n\nChoose the role name you require based on your role  grant administrator, reviewer/approver, specialized access, or external reviewer; enter the country you are based in in the Country Name field. Complete other required fields based on the selection you made. Descriptions are listed below, or you can click on the role type to be brought directly to the description.\n\nNOTE: if the new user is replacing someone else currently in the system, click the checkbox next to user is replacing another colleague. An additional field will appear  list the colleague being replaced there.\n\n2 of 7\n\nGMGS Job Aid: Requesting Access\n\nHow to request access to the Global Medical Grants System\n\nIMPORTANT: Do not choose Specialized Access unless told to by a Global Medical Grants team member, otherwise your request will be rejected.']",0.1,0.1,400,-,-,-
4/17/2024 17:45,Grant Details,query,Parth,How many grants were approved last year?,-,"Last year, 1668 grants were approved.","SELECT COUNT(*) 
FROM GMGTEST_V_REQ_ORG_GEOCODING_JOINED 
WHERE ""DISPOSITION - GRANT STATUS"" = 'Approved' 
AND EXTRACT(YEAR FROM TO_DATE(FINAL_APPROVAL_DATE)) = EXTRACT(YEAR FROM DATEADD(YEAR, -1, CURRENT_DATE()))","   COUNT(*)
0      1668",[],3,[],0.1,0.1,400,-,-,-
4/17/2024 17:46,Grant Details,query,Parth,Who are the 10 top PIs that have submitted a grant request?,-,"It seems like you're asking for a translation of a SQL database query into plain English. However, the SQL query you've provided, `COUNT(*) FROM 0`, doesn't match with the question you've asked.

`COUNT(*) FROM 0` is not a valid SQL statement. `COUNT(*)` is used to count the number of rows in a table, and `FROM` specifies the table from which to select data. `0` is not a valid table name.

Regarding your question about the 10 top PIs (Principal Investigators) that have submitted a grant request, it seems you're looking for an SQL query that can extract this information from a database. Here's an example of what such a query might look like, assuming there's a table named 'grants' with the relevant data:

```
SELECT PI, COUNT(*) as Grant_Submissions 
FROM grants 
GROUP BY PI
ORDER BY Grant_Submissions DESC
LIMIT 10;
```

In plain English, this query could be described as:

""Give me the names of the top 10 principal investigators, determined by counting the number of times each PI has submitted a grant request. Show me the PIs who have submitted the most grant requests first.""","SELECT COUNT(*)
FROM GMGTEST_V_REQ_ORG_GEOCODING_JOINED
WHERE ""DISPOSITION - GRANT STATUS"" = 'Closed' AND 
EXTRACT(YEAR FROM TO_DATE(FINAL_APPROVAL_DATE)) = EXTRACT(YEAR FROM DATEADD(YEAR, -1, CURRENT_DATE()))","   COUNT(*)
0         0",[],3,[],0.1,0.1,400,-,dislike,why is the response brining back sql querry
4/18/2024 21:05,GNT01 SOPs and JobAids,query,Parth,how do I cancel and terminate a grant," According to the GMGS Job Aid: Terminating a Grant, a grant can be cancelled and terminated for the following reasons:

1. The grantee requests cancellation.
2. It is a duplicate of another submission in the system, error by Grantseeker.
3. In all other instances, a grant that is not approved should be denied.

To cancel a grant, the Grant Administrator (GA) must enter the reason for cancellation in the Internal Section: Grant Admin and click Save All. Once a grant is cancelled, the grant record becomes readonly and cannot be edited or revived.

To terminate a grant, the GA must follow the steps outlined in the job aid, which include:

1. Cancelling the grant in GMGS.
2. Updating the grant status to Cancelled.
3. Notifying the Grantseeker via email.
4. Completing any additional tasks required by the GA.

It is important to note that cancellation and termination of a grant are different processes, and the GA must follow the appropriate steps for each process. Cancellation refers to the action taken by the GA to indicate that an uncontracted grant award has been cancelled, while termination refers to the act of ending a signed grant agreement prior to its natural expiration.",-,-,-,"['s3://gmg-s3-sagemaker-artifacts/gmg_job_Aids&sop/6.00.02 GMGS Job Aid Termination of a Grant.pdf', 's3://gmg-s3-sagemaker-artifacts/gmg_job_Aids&sop/6.00.02 GMGS Job Aid Termination of a Grant.pdf', 's3://gmg-s3-sagemaker-artifacts/gmg_job_Aids&sop/6.00.02 GMGS Job Aid Termination of a Grant.pdf']",3,"['GMGS Job Aid: Terminating a Grant\n\nPurpose and Scope of this Job Aid This job aid i summarises the acceptable reasons for cancellation of a grant request and ii explains the steps required to close a grant record in GMGS and terminate the associated grant agreement.\n\nThis job aid applies to all independent medical grant types awarded under GNT01 i.e., IME/KG, QI, GMG, ISR including any grant types awarded through an RFP/solicitation process e.g., Fellowships or Institutional Research Funds awarded under an RFP, whether funded through Pfizer Inc. or a Pfizer subsidiary i.e., a locally or regionally funded grant.\n\n1. Definitions\n\na.\n\nCancellation refers to the action taken by Grant Administrator GA in GMGS to indicate that an uncontracted grant award has been cancelled.\n\nb.\n\nGrantee refers to the entity e.g., the organization or institution that has entered into a grant agreement with Pfizer.\n\nc.\n\nTermination refers to the act of ending a signed grant agreement prior to its natural expiration.\n\n2. Cancellation', '2. Cancellation\n\nA grant may be Cancelled following approval but prior to the execution of the relevant grant agreement. Grant awards should only be Cancelled for the following reasons.\n\na. b. The Institution requests cancellation.\n\nIt is a duplicate of another submission in the system i.e., error by Grantseeker.\n\nIn all other instances a grant that is not approved should be denied.\n\nBefore cancelling the grant award in GMGS, enter the reason for cancellation in the Internal Section: Grant Admin and click Save All. Once a grant is cancelled, the grant record becomes readonly and cannot be edited or revived.\n\nREMINDER: Always add your initials and date when adding any comments to Internal Section: Grant Admin.\n\nThe Grantseeker will not receive an automated email notification. If an email is necessary, it must be sent via GMGS.\n\nIf you have any questions about whether a grant should be cancelled, denied, or terminated please email GMG@pfizer.com\n\nVersion 1.4 Updated 29 June 2023\n\n1', 'Sincerely,\n\nINSERT Grant Administrator NAME INSERT Grant Administrator EMAIL On behalf of Pfizer Global Medical Grants\n\nVersion 1.4 Updated 29 June 2023\n\n8\n\nGMGS Job Aid: Terminating a Grant\n\nAll Grant Types  Cancellation of Grant postapproval\n\nThe following template may be used for cancellation of any grant type upon request of the Grantee prior to contract execution.\n\nTemplate for use if Grantee specifically requests cancellation of Grant/Internal Status changed to Cancelled\n\nGrant ID: Request ID\n\nDear first name surname:\n\nFurther to receipt of your correspondence dated INSERT DATE OF EMAIL NOTIFICATION requesting the cancellation of the above approved Grant ID, we write to confirm we have now cancelled the grant in our system.\n\nThank you for your interest in the Independent Medical Grant program.\n\nSincerely,\n\nfirst name request owner surname request owner request owner email address On behalf of Pfizer Global Medical Grants\n\nThe following tasks must then be completed by the GA:']",0.1,0.1,400,like,dislike,-
4/18/2024 21:09,Grant Details,query,Parth,How many grants were approved by BU Vaccines last year?,-,"As an AI, I don't have real-time access to specific databases or proprietary information, such as the number of grants approved by a certain organization (like BU Vaccines) in a given year. I can help guide you on how to perform such an analysis if you have access to the correct data, or provide general context and information to the best of my abilities based on publicly available information.","SELECT COUNT(*) 
FROM GMGTEST_V_REQ_ORG_GEOCODING_JOINED
WHERE ""DISPOSITION - GRANT STATUS"" = 'Approved' 
AND PFIZER_BUSINESS_UNIT_BU_CLUSTER = 'BU Vaccines' 
AND EXTRACT(YEAR FROM TO_DATE(FINAL_APPROVAL_DATE)) = EXTRACT(YEAR FROM DATEADD(YEAR, -1, CURRENT_DATE()))","   COUNT(*)
0         0",[],3,[],0.1,0.1,400,-,-,-
4/19/2024 2:45,GNT01 SOPs and JobAids,query,Parth,what does a lead medical reviewer do," Based on the provided context, a Lead Medical Reviewer is responsible for reviewing and assessing research requests and comments entered before them. They review all inputs, including the Local Medical Reviewer Grant Assessment section, the Internal Section for Approver/Reviewer, and the Approval Section. The Lead Medical Reviewer evaluates the scientific merit, strategic alignment, and organizational capacity of the research request, including the approach, feasibility, and innovation. They also assess the data source, methodology, and analysis that will be used to evaluate the study's results. Additionally, they ensure that the assessment plan is sound and that the goal of the study aligns with Pfizer's areas of interest. In summary, a Lead Medical Reviewer plays a crucial role in evaluating and approving research requests to ensure their scientific merit, strategic alignment, and feasibility.",-,-,-,"['s3://gmg-s3-sagemaker-artifacts/gmg_job_Aids&sop/2.00.00 GMGS Guidance for Grant Reviewers.pdf', 's3://gmg-s3-sagemaker-artifacts/gmg_job_Aids&sop/2.00.01 GMGS Job Aid GMGS Guidance for Grant Reviewers.pdf', 's3://gmg-s3-sagemaker-artifacts/gmg_job_Aids&sop/2.00.00 GMGS Guidance for Grant Reviewers.pdf']",3,"['Lead Medical Reviewers are responsible for reviewing all other Advisor comments entered before them. For Research Requests there is a section for Local Medical Reviewer Grant Assessment, as well as an Internal Section for Approver/Reviewer and the Lead Medical Reviewer should review all inputs. The Local and Specialized Reviewer comments and overall recommendations will be captured in the Approval Section.', 'Lead Medical Reviewers are responsible for reviewing all other Advisor comments entered before them. For Research Requests there is a section for Local Medical Reviewer Grant Assessment, as well as an Internal Section for Approver/Reviewer and the Lead Medical Reviewer should review all inputs. The Local and Specialized Reviewer comments and overall recommendations will be captured in the Approval Section.', 'Local and Lead Medical Reviewers\n\nField Name\n\nField Description\n\nStrategic Alignment\n\nIs the goal of the study in line with a Pfizer area of interest\n\nScientific Merit\n\nInnovation/ Uniqueness Methodology\n\nDoes the study goal address an important problem or a critical barrier to progress in the field Does the goal or methodology illustrate an innovative approach that does not replicate other efforts Did the request adequately describe the way the study addresses the established need and produces the desired results Does the request describe the data source, method and analysis that will be used to evaluate the results of this study Is the assessment plan sound\n\nOrganizational Capability, Leadership & Staff Capacity\n\nApproach/ Feasibility']",0.1,0.1,400,-,-,-
4/21/2024 12:29,GNT01 SOPs and JobAids,query,Eswar,How to access grants," Thank you for providing me with the context. To answer your question, the steps to access grants through the Global Medical Grants System are as follows:

1. Go to the System Support page on GMG Academy: <https://pfizer.sharepoint.com/sites/GlobalMedicalGrants/SystemSupport>
2. Click on the Request Access button.
3. Under Type of Request, choose Add User to GMGS.
4. Enter the required information for the new user, including their name, role, country, and other fields based on their selection.
5. Click Save settings.

I hope this helps! Let me know if you have any other questions.",-,-,-,"['s3://gmg-s3-sagemaker-artifacts/gmg_job_Aids&sop/0.01.05 GMGS Requesting Access Tipsheet.pdf', 's3://gmg-s3-sagemaker-artifacts/gmg_job_Aids&sop/0.00.00 Setting up Views in GMG Portal.pdf', 's3://gmg-s3-sagemaker-artifacts/gmg_job_Aids&sop/0.01.05 GMGS Requesting Access Tipsheet.pdf']",3,"['GMGS Job Aid: Requesting Access\n\nHow to request access to the Global Medical Grants System\n\nTo request access to the Global Medical Grants System, follow these steps:\n\n1. Go to the System Support page on GMG Academy:\n\nhttps://pfizer.sharepoint.com/sites/GlobalMedicalGrants/SystemSupport\n\nClick on the Request Access button.\n\n2. Under Type of Request, choose Add User to GMGS\n\n1 of 7\n\nGMGS Job Aid: Requesting Access\n\nHow to request access to the Global Medical Grants System\n\nNOTE: You can choose to add a different Pfizer colleague to the system instead of yourself  you can X out the listed colleague and type in the name of the colleague you would like to request access for.\n\nIMPORTANT: Do not click the external user checkbox. This is for GMG Team use only.\n\n3.', 'Use, click Save settings\n\na. Grant/Request Amount b. Request ID c. Request Owner d. Request Location e. Request Strategy f. Proposal Type g. Organization Country h. Organization Legal Name i. Submitted/Request Date j. Request Disposition Status\n\nVersion 2.0 October 20,2021\n\nPage 4\n\nIMPORTANT: Do not use the New Request option. All Grant applications must be entered on the external GMG System Portal\n\nMain Tab Search Default View:\n\nUpon logging into the system you can set a default view of your Main Tab Search Results.\n\n1 Logon to CyberGrants click Main tab\n\n2 Go to SearchFill in appropriate filters\n\nVersion 2.0 October 20,2021\n\nPage 5\n\nAt a minimum it is recommended you enter your name in the Request Owner Filter. You can also filter by Proposal Type application type: Research, Independent Medical Education, etc and Request Strategy Primary Area of Interest\n\n3 Click Search\n\n4 Click Make Default', '3.\n\nChoose the role name you require based on your role  grant administrator, reviewer/approver, specialized access, or external reviewer; enter the country you are based in in the Country Name field. Complete other required fields based on the selection you made. Descriptions are listed below, or you can click on the role type to be brought directly to the description.\n\nNOTE: if the new user is replacing someone else currently in the system, click the checkbox next to user is replacing another colleague. An additional field will appear  list the colleague being replaced there.\n\n2 of 7\n\nGMGS Job Aid: Requesting Access\n\nHow to request access to the Global Medical Grants System\n\nIMPORTANT: Do not choose Specialized Access unless told to by a Global Medical Grants team member, otherwise your request will be rejected.']",0.1,0.1,400,-,-,-
4/26/2024 15:13,GNT01 SOPs and JobAids,query,Parth,who lead medical reviewer," Based on the provided context, the answer to the question ""Who is the Lead Medical Reviewer?"" is:

The Lead Medical Reviewer is responsible for reviewing all other Advisor comments entered before them. For Research Requests, there is a section for Local Medical Reviewer Grant Assessment, as well as an Internal Section for Approver/Reviewer, and the Lead Medical Reviewer should review all inputs.

Therefore, the Lead Medical Reviewer is the person who leads the medical review process and is responsible for evaluating the scientific merit and strategic alignment of research requests.",-,-,-,"['s3://gmg-s3-sagemaker-artifacts/gmg_job_Aids&sop/2.00.00 GMGS Guidance for Grant Reviewers.pdf', 's3://gmg-s3-sagemaker-artifacts/gmg_job_Aids&sop/2.00.01 GMGS Job Aid GMGS Guidance for Grant Reviewers.pdf', 's3://gmg-s3-sagemaker-artifacts/gmg_job_Aids&sop/2.00.00 GMGS Guidance for Grant Reviewers.pdf']",3,"['Lead Medical Reviewers are responsible for reviewing all other Advisor comments entered before them. For Research Requests there is a section for Local Medical Reviewer Grant Assessment, as well as an Internal Section for Approver/Reviewer and the Lead Medical Reviewer should review all inputs. The Local and Specialized Reviewer comments and overall recommendations will be captured in the Approval Section.', 'Lead Medical Reviewers are responsible for reviewing all other Advisor comments entered before them. For Research Requests there is a section for Local Medical Reviewer Grant Assessment, as well as an Internal Section for Approver/Reviewer and the Lead Medical Reviewer should review all inputs. The Local and Specialized Reviewer comments and overall recommendations will be captured in the Approval Section.', 'Local and Lead Medical Reviewers\n\nField Name\n\nField Description\n\nStrategic Alignment\n\nIs the goal of the study in line with a Pfizer area of interest\n\nScientific Merit\n\nInnovation/ Uniqueness Methodology\n\nDoes the study goal address an important problem or a critical barrier to progress in the field Does the goal or methodology illustrate an innovative approach that does not replicate other efforts Did the request adequately describe the way the study addresses the established need and produces the desired results Does the request describe the data source, method and analysis that will be used to evaluate the results of this study Is the assessment plan sound\n\nOrganizational Capability, Leadership & Staff Capacity\n\nApproach/ Feasibility']",0.1,0.1,400,-,-,-
4/26/2024 15:14,Grant Details,query,Parth,How many grants were approved last year?,-,"Last year, a total of 1668 grants were approved.","SELECT COUNT(*) 
FROM GMGTEST_V_REQ_ORG_GEOCODING_JOINED 
WHERE ""DISPOSITION - GRANT STATUS"" = 'Approved' 
AND EXTRACT(YEAR FROM TO_DATE(FINAL_APPROVAL_DATE)) = EXTRACT(YEAR FROM DATEADD(YEAR, -1, CURRENT_DATE()))","   COUNT(*)
0      1668",[],3,[],0.1,0.1,400,-,-,-
2024-04-30 07:32:07.156536,Grant Details,query,Shravani,top 10 pi names,,"I'm sorry, but your question seems to be incomplete or unclear. Could you please rephrase it or provide more context? If you're referring to some kind of data or database query with ""COUNT(*)"" and ""top 10 pi names,"" it would be helpful to know more specifics so that I can give a more accurate response.","SELECT COUNT(*) 
FROM GMGTEST_V_REQ_ORG_GEOCODING_JOINED 
WHERE ""DISPOSITION - GRANT STATUS"" = 'Closed' 
AND EXTRACT(YEAR FROM TO_DATE(FINAL_APPROVAL_DATE)) = EXTRACT(YEAR FROM DATEADD(YEAR, -1, CURRENT_DATE()))","   COUNT(*)
0         0",[],3,[],0.1,0.1,400,,,
2024-04-30 07:35:18.730535,Grant Details,query,Shravani,Who are the top 10 PIs with the greatest number of approved requests?,,"The table shared refers to a list of Principle Investigators (PIs), identified by their first and last names, alongside the number of their approved requests. The top 10 PIs, based on the greatest count of their approved requests, are as follows:

1. The PI with the most approved requests is not named (None), with a total of 10,071.
2. Manjunath Krishnappa is second on the list, with 35 approved requests.
3. Jon Hobson holds the third position with 32 approved requests.
4. Scott Killian comes in fourth place with 22 approved requests.
5. Manjunath Kishnappa is the fifth-highest, with 20 approved requests.
6. Brandywine Andrews is sixth, having 14 approved requests.
7. Seventh is Vincent Devereux with 11 approved requests.
8. Kate Barnett is eighth on the list with 10 approved requests.
9. Joel Pugh is ninth with 9 approved requests.
10. Lastly, Fernando D'Emidio is tenth, with 8 approved requests.

It's important to note that the ""None"" entry could be due to missing or unrecorded data, which may need to be addressed for accuracy.","SELECT 
    PI_FIRST_NAME, 
    PI_LAST_NAME, 
    COUNT(*) AS Approved_Requests
FROM 
    GMGTEST_V_REQ_ORG_GEOCODING_JOINED
WHERE 
    ""DISPOSITION - GRANT STATUS"" = 'Approved'
GROUP BY 
    PI_FIRST_NAME, 
    PI_LAST_NAME
ORDER BY 
    Approved_Requests DESC
LIMIT 10;","  PI_FIRST_NAME PI_LAST_NAME  APPROVED_REQUESTS
0          None         None              10071
1     manjunath   krishnappa                 35
2           jon       hobson                 32
3         scott      killian                 22
4     manjunath    kishnappa                 20
5    brandywine      andrews                 14
6       vincent     devereux                 11
7          kate      barnett                 10
8          joel         pugh                  9
9      fernando     d'emidio                  8",[],3,[],0.1,0.1,400,,,
2024-04-30 07:36:07.948292,Grant Details,query,Shravani,Who are the top 10 PIs with the greatest number of approved requests?,,"The Principal Investigators (PIs) with the highest number of approved requests, according to the given data, are as follows:

1. There is an entry with missing PI first and last names, but it has the highest number of approved requests at 10,071.
2. Manjunath Krishnappa with 35 approved requests.
3. Jon Hobson with 32 approved requests.
4. Scott Killian with 22 approved requests.
5. Manjunath Kishnappa with 20 approved requests.
6. Brandywine Andrews with 14 approved requests.
7. Vincent Devereux with 11 approved requests.
8. Kate Barnett with 10 approved requests.
9. Joel Pugh with 9 approved requests.
10. Fernando D'emidio with 8 approved requests.

It seems there may be redundancy in the dataset, as ""Manjunath Krishnappa"" and ""Manjunath Kishnappa"" appear to be the same person with a minor spelling difference. If they are indeed the same person, the total approved requests for Manjunath would be 55, which would then place him at the top if we omit the entry with missing names.","SELECT PI_FIRST_NAME, PI_LAST_NAME, COUNT(*) AS Approved_Requests
FROM GMGTEST_V_REQ_ORG_GEOCODING_JOINED
WHERE ""DISPOSITION - GRANT STATUS"" = 'Approved'
GROUP BY PI_FIRST_NAME, PI_LAST_NAME
ORDER BY Approved_Requests DESC
LIMIT 10;","  PI_FIRST_NAME PI_LAST_NAME  APPROVED_REQUESTS
0          None         None              10071
1     manjunath   krishnappa                 35
2           jon       hobson                 32
3         scott      killian                 22
4     manjunath    kishnappa                 20
5    brandywine      andrews                 14
6       vincent     devereux                 11
7          kate      barnett                 10
8          joel         pugh                  9
9      fernando     d'emidio                  8",[],3,[],0.1,0.1,400,,,
2024-04-30 07:48:42.971188,Grant Details,query,Shravani,Who are the top 10 PIs with the greatest number of approved requests?,,"From the data you provided, the top 10 Principal Investigators (PIs) with the greatest number of approved requests are:

1. (No Name Provided) with 10,071 approved requests. 
2. Manjunath Krishnappa with 35 approved requests.
3. Jon Hobson with 32 approved requests.
4. Scott Killian with 22 approved requests.
5. Manjunath Kishnappa with 20 approved requests.
6. Brandywine Andrews with 14 approved requests.
7. Vincent Devereux with 11 approved requests.
8. Kate Barnett with 10 approved requests.
9. Joel Pugh with 9 approved requests.
10. Fernando D'emidio with 8 approved requests.

Note that the first row doesn't have names provided, so it's unclear who or what this row refers to. It's also worth noting that Manjunath appears twice, once with the last name ""Krishnappa"" and once with ""Kishnappa"". If these are the same person, then Manjunath has a total of 55 approved requests, which would put him in first place among the named individuals.","SELECT 
    PI_FIRST_NAME, 
    PI_LAST_NAME, 
    COUNT(*) AS Approved_Requests
FROM 
    GMGTEST_V_REQ_ORG_GEOCODING_JOINED
WHERE 
    ""DISPOSITION - GRANT STATUS"" = 'Approved'
GROUP BY 
    PI_FIRST_NAME, 
    PI_LAST_NAME
ORDER BY 
    Approved_Requests DESC
LIMIT 10;","  PI_FIRST_NAME PI_LAST_NAME  APPROVED_REQUESTS
0          None         None              10071
1     manjunath   krishnappa                 35
2           jon       hobson                 32
3         scott      killian                 22
4     manjunath    kishnappa                 20
5    brandywine      andrews                 14
6       vincent     devereux                 11
7          kate      barnett                 10
8          joel         pugh                  9
9      fernando     d'emidio                  8",[],3,[],0.1,0.1,400,,,
2024-04-30 07:51:06.303022,Grant Details,query,Shravani,Who are the top 10 PIs with the greatest number of approved requests?,,"The top 10 Principal Investigators (PIs) with the greatest number of approved requests are:

1. An unidentified PI (None None) with 10,071 approved requests. 
2. Manjunath Krishnappa with 35 approved requests. 
3. Jon Hobson with 32 approved requests.
4. Scott Killian with 22 approved requests.
5. Manjunath Kishnappa with 20 approved requests.
6. Brandywine Andrews with 14 approved requests.
7. Vincent Devereux with 11 approved requests.
8. Kate Barnett with 10 approved requests.
9. Joel Pugh with 9 approved requests.
10. Fernando D'Emidio with 8 approved requests.

Please note that there seems to be a significant drop in the number of approved requests after the first PI, who remains unidentified in the provided data.
","SELECT 
    PI_FIRST_NAME, 
    PI_LAST_NAME, 
    COUNT(*) AS Approved_Requests
FROM 
    GMGTEST_V_REQ_ORG_GEOCODING_JOINED
WHERE 
    ""DISPOSITION - GRANT STATUS"" = 'Approved'
GROUP BY 
    PI_FIRST_NAME, 
    PI_LAST_NAME
ORDER BY 
    Approved_Requests DESC
LIMIT 10;","  PI_FIRST_NAME PI_LAST_NAME  APPROVED_REQUESTS
0          None         None              10071
1     manjunath   krishnappa                 35
2           jon       hobson                 32
3         scott      killian                 22
4     manjunath    kishnappa                 20
5    brandywine      andrews                 14
6       vincent     devereux                 11
7          kate      barnett                 10
8          joel         pugh                  9
9      fernando     d'emidio                  8",[],3,[],0.1,0.1,400,,,
